{"stats":{"minecraft:killed_by":{"minecraft:stray":1},"minecraft:dropped":{"minecraft:bread":9,"minecraft:leather_chestplate":1,"minecraft:shield":1,"minecraft:leather_boots":1,"minecraft:wooden_sword":1,"minecraft:leather_leggings":1,"minecraft:lantern":1,"minecraft:leather_helmet":1,"minecraft:spruce_sapling":1},"minecraft:custom":{"minecraft:time_since_rest":3008,"minecraft:sprint_one_cm":32799,"minecraft:damage_taken":215,"minecraft:walk_one_cm":242826,"minecraft:damage_blocked_by_shield":480,"minecraft:mob_kills":2,"minecraft:drop":9,"minecraft:damage_dealt":455,"minecraft:damage_dealt_absorbed":176,"minecraft:fly_one_cm":110285,"minecraft:crouch_one_cm":4116,"minecraft:play_time":116452,"minecraft:deaths":8,"minecraft:sneak_time":2000,"minecraft:jump":306,"minecraft:damage_dealt_resisted":202,"minecraft:leave_game":4,"minecraft:time_since_death":2985,"minecraft:climb_one_cm":420,"minecraft:total_world_time":116452,"minecraft:fall_one_cm":3359},"minecraft:used":{"minecraft:oak_fence":193,"minecraft:cobblestone_stairs":10,"minecraft:lantern":71,"minecraft:grass_block":5,"minecraft:bread":2,"minecraft:barrier":148,"minecraft:spruce_button":3,"minecraft:ladder":5,"minecraft:oak_sign":1,"minecraft:iron_golem_spawn_egg":2,"minecraft:shield":9,"minecraft:iron_door":5,"minecraft:wooden_shovel":20,"minecraft:cracked_stone_bricks":263,"minecraft:dirt":5,"minecraft:wooden_sword":19,"minecraft:birch_sign":2,"minecraft:painting":6,"minecraft:oak_fence_gate":2,"minecraft:birch_stairs":15},"minecraft:killed":{"minecraft:spider":1,"minecraft:creeper":1},"minecraft:picked_up":{"minecraft:leather_chestplate":3,"minecraft:iron_door":1,"minecraft:leather_leggings":3,"minecraft:spruce_sapling":2,"minecraft:shield":3,"minecraft:dirt":5,"minecraft:leather_helmet":3,"minecraft:lantern":2,"minecraft:wooden_sword":3,"minecraft:leather_boots":3,"minecraft:rotten_flesh":6,"minecraft:oak_sign":1,"minecraft:bread":27},"minecraft:mined":{"minecraft:grass_block":4,"minecraft:dirt":1,"minecraft:spruce_leaves":2,"minecraft:oak_wall_sign":1}},"DataVersion":3465}