{"stats":{"minecraft:custom":{"minecraft:jump":21,"minecraft:time_since_rest":23722,"minecraft:crouch_one_cm":896,"minecraft:sprint_one_cm":125,"minecraft:leave_game":2,"minecraft:play_time":23722,"minecraft:time_since_death":23722,"minecraft:walk_one_cm":37797,"minecraft:sneak_time":416,"minecraft:total_world_time":23722,"minecraft:fly_one_cm":19443},"minecraft:used":{"minecraft:spruce_button":1,"minecraft:barrier":19,"minecraft:cracked_stone_bricks":188,"minecraft:oak_sign":1,"minecraft:painting":5,"minecraft:cobblestone_stairs":7,"minecraft:iron_door":1,"minecraft:lantern":25,"minecraft:birch_sign":1},"minecraft:picked_up":{"minecraft:oak_sign":1},"minecraft:mined":{"minecraft:oak_wall_sign":1}},"DataVersion":3465}