{"stats":{"minecraft:custom":{"minecraft:jump":18,"minecraft:time_since_rest":14993,"minecraft:crouch_one_cm":9,"minecraft:leave_game":1,"minecraft:play_time":14993,"minecraft:time_since_death":14993,"minecraft:walk_one_cm":19512,"minecraft:sneak_time":179,"minecraft:total_world_time":14993,"minecraft:fly_one_cm":19443},"minecraft:used":{"minecraft:spruce_button":1,"minecraft:barrier":19,"minecraft:cracked_stone_bricks":188,"minecraft:oak_sign":1,"minecraft:painting":5,"minecraft:cobblestone_stairs":7,"minecraft:iron_door":1,"minecraft:lantern":25}},"DataVersion":3465}