{"stats":{"minecraft:dropped":{"minecraft:lantern":1},"minecraft:custom":{"minecraft:time_since_rest":7628,"minecraft:sprint_one_cm":1856,"minecraft:walk_one_cm":96013,"minecraft:mob_kills":2,"minecraft:drop":1,"minecraft:damage_dealt":359,"minecraft:damage_dealt_absorbed":64,"minecraft:fly_one_cm":87920,"minecraft:crouch_one_cm":1002,"minecraft:play_time":68452,"minecraft:deaths":7,"minecraft:sneak_time":885,"minecraft:jump":86,"minecraft:damage_dealt_resisted":58,"minecraft:leave_game":4,"minecraft:time_since_death":7596,"minecraft:climb_one_cm":420,"minecraft:total_world_time":68452,"minecraft:fall_one_cm":813},"minecraft:used":{"minecraft:oak_fence":193,"minecraft:cobblestone_stairs":10,"minecraft:lantern":68,"minecraft:grass_block":1,"minecraft:barrier":81,"minecraft:spruce_button":2,"minecraft:ladder":5,"minecraft:oak_sign":1,"minecraft:iron_golem_spawn_egg":2,"minecraft:iron_door":4,"minecraft:wooden_shovel":20,"minecraft:cracked_stone_bricks":263,"minecraft:wooden_sword":11,"minecraft:birch_sign":2,"minecraft:painting":6,"minecraft:oak_fence_gate":2},"minecraft:killed":{"minecraft:spider":1,"minecraft:creeper":1},"minecraft:picked_up":{"minecraft:leather_chestplate":2,"minecraft:iron_door":1,"minecraft:leather_leggings":2,"minecraft:shield":2,"minecraft:leather_helmet":2,"minecraft:lantern":2,"minecraft:wooden_sword":2,"minecraft:leather_boots":2,"minecraft:rotten_flesh":6,"minecraft:oak_sign":1,"minecraft:bread":18},"minecraft:mined":{"minecraft:spruce_leaves":2,"minecraft:oak_wall_sign":1}},"DataVersion":3465}