{"stats":{"minecraft:killed_by":{"minecraft:stray":3,"minecraft:zombie":1},"minecraft:dropped":{"minecraft:leather_leggings":1,"minecraft:bread":9,"minecraft:wooden_sword":1,"minecraft:leather_chestplate":1,"minecraft:shield":1,"minecraft:leather_helmet":1,"minecraft:leather_boots":1},"minecraft:custom":{"minecraft:time_since_rest":2656,"minecraft:sprint_one_cm":46862,"minecraft:crouch_one_cm":218,"minecraft:play_time":26780,"minecraft:deaths":10,"minecraft:damage_taken":2681,"minecraft:walk_one_cm":41348,"minecraft:sneak_time":69,"minecraft:walk_under_water_one_cm":106,"minecraft:drop":15,"minecraft:damage_dealt_resisted":40,"minecraft:jump":257,"minecraft:damage_dealt":0,"minecraft:leave_game":4,"minecraft:walk_on_water_one_cm":855,"minecraft:time_since_death":2630,"minecraft:total_world_time":26780,"minecraft:damage_dealt_absorbed":60,"minecraft:swim_one_cm":527,"minecraft:fall_one_cm":32144,"minecraft:fly_one_cm":30070},"minecraft:used":{"minecraft:leather_leggings":1,"minecraft:wooden_sword":2,"minecraft:leather_chestplate":1,"minecraft:leather_boots":2},"minecraft:picked_up":{"minecraft:wooden_sword":4,"minecraft:leather_boots":5,"minecraft:leather_chestplate":3,"minecraft:leather_leggings":3,"minecraft:bread":36,"minecraft:shield":3,"minecraft:leather_helmet":1}},"DataVersion":3465}