{"stats":{"minecraft:dropped":{"minecraft:leather_leggings":1,"minecraft:leather_chestplate":1,"minecraft:bread":9,"minecraft:wooden_sword":1,"minecraft:shield":1,"minecraft:leather_helmet":1,"minecraft:leather_boots":1},"minecraft:custom":{"minecraft:jump":120,"minecraft:time_since_rest":111,"minecraft:damage_taken":500,"minecraft:crouch_one_cm":79,"minecraft:leave_game":4,"minecraft:play_time":14780,"minecraft:sprint_one_cm":16820,"minecraft:time_since_death":88,"minecraft:walk_one_cm":25894,"minecraft:deaths":3,"minecraft:sneak_time":15,"minecraft:total_world_time":14780,"minecraft:drop":15,"minecraft:fall_one_cm":10316,"minecraft:fly_one_cm":10833}},"DataVersion":3465}